"parameter","mean","sd"
"phi_logit",0.138372146888713,0.456915841656542
"log_K",10.0610819257695,0.730434526973279
"log_psi",5.80360107235982,0.525020620838443
"mu_rho",-2.59639514766605,0.550223806795514
"r",0.230322996553209,0.139552678250661
"kappa",1.18634356270868,0.568506324992563
"gamma",0.328185041557007,0.14651430795839
